{
	"netRunTime": 9417,
	"executionPlan": {
	"nodes": [

	{
		"id": 13,
		"type": "source",
		"pact": "Data Source",
		"contents": "at main(Q2_Job.java:36) (org.apache.flink.api.java.io.TupleCsvInputFormat)",
		"parallelism": "8",
		"global_properties": [
			{ "name": "Partitioning", "value": "RANDOM_PARTITIONED" },
			{ "name": "Partitioning Order", "value": "(none)" },
			{ "name": "Uniqueness", "value": "not unique" }
		],
		"local_properties": [
			{ "name": "Order", "value": "(none)" },
			{ "name": "Grouping", "value": "not grouped" },
			{ "name": "Uniqueness", "value": "not unique" }
		],
		"estimates": [
			{ "name": "Est. Output Size", "value": "968.36 M" },
			{ "name": "Est. Cardinality", "value": "19.41 M" }		],
		"costs": [
			{ "name": "Network", "value": "0.0" },
			{ "name": "Disk I/O", "value": "968.36 M" },
			{ "name": "CPU", "value": "0.0" },
			{ "name": "Cumulative Network", "value": "0.0" },
			{ "name": "Cumulative Disk I/O", "value": "968.36 M" },
			{ "name": "Cumulative CPU", "value": "0.0" }
		],
		"compiler_hints": [
			{ "name": "Output Size (bytes)", "value": "(none)" },
			{ "name": "Output Cardinality", "value": "(none)" },
			{ "name": "Avg. Output Record Size (bytes)", "value": "(none)" },
			{ "name": "Filter Factor", "value": "(none)" }		]
	},
	{
		"id": 12,
		"type": "pact",
		"pact": "Map",
		"contents": "Map at main(Q2_Job.java:41)",
		"parallelism": "8",
		"predecessors": [
			{"id": 13, "ship_strategy": "Forward", "exchange_mode": "PIPELINED"}
		],
		"driver_strategy": "Map",
		"global_properties": [
			{ "name": "Partitioning", "value": "RANDOM_PARTITIONED" },
			{ "name": "Partitioning Order", "value": "(none)" },
			{ "name": "Uniqueness", "value": "not unique" }
		],
		"local_properties": [
			{ "name": "Order", "value": "(none)" },
			{ "name": "Grouping", "value": "not grouped" },
			{ "name": "Uniqueness", "value": "not unique" }
		],
		"estimates": [
			{ "name": "Est. Output Size", "value": "(unknown)" },
			{ "name": "Est. Cardinality", "value": "19.41 M" }		],
		"costs": [
			{ "name": "Network", "value": "0.0" },
			{ "name": "Disk I/O", "value": "0.0" },
			{ "name": "CPU", "value": "0.0" },
			{ "name": "Cumulative Network", "value": "0.0" },
			{ "name": "Cumulative Disk I/O", "value": "968.36 M" },
			{ "name": "Cumulative CPU", "value": "0.0" }
		],
		"compiler_hints": [
			{ "name": "Output Size (bytes)", "value": "(none)" },
			{ "name": "Output Cardinality", "value": "(none)" },
			{ "name": "Avg. Output Record Size (bytes)", "value": "(none)" },
			{ "name": "Filter Factor", "value": "(none)" }		]
	},
	{
		"id": 11,
		"type": "pact",
		"pact": "Filter",
		"contents": "Filter at main(Q2_Job.java:43)",
		"parallelism": "8",
		"predecessors": [
			{"id": 12, "ship_strategy": "Forward", "exchange_mode": "PIPELINED"}
		],
		"driver_strategy": "FlatMap",
		"global_properties": [
			{ "name": "Partitioning", "value": "RANDOM_PARTITIONED" },
			{ "name": "Partitioning Order", "value": "(none)" },
			{ "name": "Uniqueness", "value": "not unique" }
		],
		"local_properties": [
			{ "name": "Order", "value": "(none)" },
			{ "name": "Grouping", "value": "not grouped" },
			{ "name": "Uniqueness", "value": "not unique" }
		],
		"estimates": [
			{ "name": "Est. Output Size", "value": "0.0" },
			{ "name": "Est. Cardinality", "value": "9.70 M" }		],
		"costs": [
			{ "name": "Network", "value": "0.0" },
			{ "name": "Disk I/O", "value": "0.0" },
			{ "name": "CPU", "value": "0.0" },
			{ "name": "Cumulative Network", "value": "0.0" },
			{ "name": "Cumulative Disk I/O", "value": "968.36 M" },
			{ "name": "Cumulative CPU", "value": "0.0" }
		],
		"compiler_hints": [
			{ "name": "Output Size (bytes)", "value": "(none)" },
			{ "name": "Output Cardinality", "value": "(none)" },
			{ "name": "Avg. Output Record Size (bytes)", "value": "(none)" },
			{ "name": "Filter Factor", "value": "(none)" }		]
	},
	{
		"id": 10,
		"type": "pact",
		"pact": "Filter",
		"contents": "Filter at main(Q2_Job.java:45)",
		"parallelism": "8",
		"predecessors": [
			{"id": 11, "ship_strategy": "Forward", "exchange_mode": "PIPELINED"}
		],
		"driver_strategy": "FlatMap",
		"global_properties": [
			{ "name": "Partitioning", "value": "RANDOM_PARTITIONED" },
			{ "name": "Partitioning Order", "value": "(none)" },
			{ "name": "Uniqueness", "value": "not unique" }
		],
		"local_properties": [
			{ "name": "Order", "value": "(none)" },
			{ "name": "Grouping", "value": "not grouped" },
			{ "name": "Uniqueness", "value": "not unique" }
		],
		"estimates": [
			{ "name": "Est. Output Size", "value": "0.0" },
			{ "name": "Est. Cardinality", "value": "4.85 M" }		],
		"costs": [
			{ "name": "Network", "value": "0.0" },
			{ "name": "Disk I/O", "value": "0.0" },
			{ "name": "CPU", "value": "0.0" },
			{ "name": "Cumulative Network", "value": "0.0" },
			{ "name": "Cumulative Disk I/O", "value": "968.36 M" },
			{ "name": "Cumulative CPU", "value": "0.0" }
		],
		"compiler_hints": [
			{ "name": "Output Size (bytes)", "value": "(none)" },
			{ "name": "Output Cardinality", "value": "(none)" },
			{ "name": "Avg. Output Record Size (bytes)", "value": "(none)" },
			{ "name": "Filter Factor", "value": "(none)" }		]
	},
	{
		"id": 9,
		"type": "pact",
		"pact": "Filter",
		"contents": "Filter at main(Q2_Job.java:47)",
		"parallelism": "8",
		"predecessors": [
			{"id": 10, "ship_strategy": "Forward", "exchange_mode": "PIPELINED"}
		],
		"driver_strategy": "FlatMap",
		"global_properties": [
			{ "name": "Partitioning", "value": "RANDOM_PARTITIONED" },
			{ "name": "Partitioning Order", "value": "(none)" },
			{ "name": "Uniqueness", "value": "not unique" }
		],
		"local_properties": [
			{ "name": "Order", "value": "(none)" },
			{ "name": "Grouping", "value": "not grouped" },
			{ "name": "Uniqueness", "value": "not unique" }
		],
		"estimates": [
			{ "name": "Est. Output Size", "value": "0.0" },
			{ "name": "Est. Cardinality", "value": "2.43 M" }		],
		"costs": [
			{ "name": "Network", "value": "0.0" },
			{ "name": "Disk I/O", "value": "0.0" },
			{ "name": "CPU", "value": "0.0" },
			{ "name": "Cumulative Network", "value": "0.0" },
			{ "name": "Cumulative Disk I/O", "value": "968.36 M" },
			{ "name": "Cumulative CPU", "value": "0.0" }
		],
		"compiler_hints": [
			{ "name": "Output Size (bytes)", "value": "(none)" },
			{ "name": "Output Cardinality", "value": "(none)" },
			{ "name": "Avg. Output Record Size (bytes)", "value": "(none)" },
			{ "name": "Filter Factor", "value": "(none)" }		]
	},
	{
		"id": 8,
		"type": "pact",
		"pact": "Map",
		"contents": "Map at main(Q2_Job.java:49)",
		"parallelism": "8",
		"predecessors": [
			{"id": 9, "ship_strategy": "Forward", "exchange_mode": "PIPELINED"}
		],
		"driver_strategy": "Map",
		"global_properties": [
			{ "name": "Partitioning", "value": "RANDOM_PARTITIONED" },
			{ "name": "Partitioning Order", "value": "(none)" },
			{ "name": "Uniqueness", "value": "not unique" }
		],
		"local_properties": [
			{ "name": "Order", "value": "(none)" },
			{ "name": "Grouping", "value": "not grouped" },
			{ "name": "Uniqueness", "value": "not unique" }
		],
		"estimates": [
			{ "name": "Est. Output Size", "value": "(unknown)" },
			{ "name": "Est. Cardinality", "value": "2.43 M" }		],
		"costs": [
			{ "name": "Network", "value": "0.0" },
			{ "name": "Disk I/O", "value": "0.0" },
			{ "name": "CPU", "value": "0.0" },
			{ "name": "Cumulative Network", "value": "0.0" },
			{ "name": "Cumulative Disk I/O", "value": "968.36 M" },
			{ "name": "Cumulative CPU", "value": "0.0" }
		],
		"compiler_hints": [
			{ "name": "Output Size (bytes)", "value": "(none)" },
			{ "name": "Output Cardinality", "value": "(none)" },
			{ "name": "Avg. Output Record Size (bytes)", "value": "(none)" },
			{ "name": "Filter Factor", "value": "(none)" }		]
	},
	{
		"id": 7,
		"type": "pact",
		"pact": "Filter",
		"contents": "Filter at main(Q2_Job.java:51)",
		"parallelism": "8",
		"predecessors": [
			{"id": 8, "ship_strategy": "Forward", "exchange_mode": "PIPELINED"}
		],
		"driver_strategy": "FlatMap",
		"global_properties": [
			{ "name": "Partitioning", "value": "RANDOM_PARTITIONED" },
			{ "name": "Partitioning Order", "value": "(none)" },
			{ "name": "Uniqueness", "value": "not unique" }
		],
		"local_properties": [
			{ "name": "Order", "value": "(none)" },
			{ "name": "Grouping", "value": "not grouped" },
			{ "name": "Uniqueness", "value": "not unique" }
		],
		"estimates": [
			{ "name": "Est. Output Size", "value": "0.0" },
			{ "name": "Est. Cardinality", "value": "1.21 M" }		],
		"costs": [
			{ "name": "Network", "value": "0.0" },
			{ "name": "Disk I/O", "value": "0.0" },
			{ "name": "CPU", "value": "0.0" },
			{ "name": "Cumulative Network", "value": "0.0" },
			{ "name": "Cumulative Disk I/O", "value": "968.36 M" },
			{ "name": "Cumulative CPU", "value": "0.0" }
		],
		"compiler_hints": [
			{ "name": "Output Size (bytes)", "value": "(none)" },
			{ "name": "Output Cardinality", "value": "(none)" },
			{ "name": "Avg. Output Record Size (bytes)", "value": "(none)" },
			{ "name": "Filter Factor", "value": "(none)" }		]
	},
	{
		"id": 6,
		"type": "pact",
		"pact": "Map",
		"contents": "Map at main(Q2_Job.java:53)",
		"parallelism": "8",
		"predecessors": [
			{"id": 7, "ship_strategy": "Forward", "exchange_mode": "PIPELINED"}
		],
		"driver_strategy": "Map",
		"global_properties": [
			{ "name": "Partitioning", "value": "RANDOM_PARTITIONED" },
			{ "name": "Partitioning Order", "value": "(none)" },
			{ "name": "Uniqueness", "value": "not unique" }
		],
		"local_properties": [
			{ "name": "Order", "value": "(none)" },
			{ "name": "Grouping", "value": "not grouped" },
			{ "name": "Uniqueness", "value": "not unique" }
		],
		"estimates": [
			{ "name": "Est. Output Size", "value": "(unknown)" },
			{ "name": "Est. Cardinality", "value": "1.21 M" }		],
		"costs": [
			{ "name": "Network", "value": "0.0" },
			{ "name": "Disk I/O", "value": "0.0" },
			{ "name": "CPU", "value": "0.0" },
			{ "name": "Cumulative Network", "value": "0.0" },
			{ "name": "Cumulative Disk I/O", "value": "968.36 M" },
			{ "name": "Cumulative CPU", "value": "0.0" }
		],
		"compiler_hints": [
			{ "name": "Output Size (bytes)", "value": "(none)" },
			{ "name": "Output Cardinality", "value": "(none)" },
			{ "name": "Avg. Output Record Size (bytes)", "value": "(none)" },
			{ "name": "Filter Factor", "value": "(none)" }		]
	},
	{
		"id": 5,
		"type": "pact",
		"pact": "Map",
		"contents": "Key Extractor",
		"parallelism": "8",
		"predecessors": [
			{"id": 6, "ship_strategy": "Forward", "exchange_mode": "PIPELINED"}
		],
		"driver_strategy": "Map",
		"global_properties": [
			{ "name": "Partitioning", "value": "RANDOM_PARTITIONED" },
			{ "name": "Partitioning Order", "value": "(none)" },
			{ "name": "Uniqueness", "value": "not unique" }
		],
		"local_properties": [
			{ "name": "Order", "value": "(none)" },
			{ "name": "Grouping", "value": "not grouped" },
			{ "name": "Uniqueness", "value": "not unique" }
		],
		"estimates": [
			{ "name": "Est. Output Size", "value": "(unknown)" },
			{ "name": "Est. Cardinality", "value": "1.21 M" }		],
		"costs": [
			{ "name": "Network", "value": "0.0" },
			{ "name": "Disk I/O", "value": "0.0" },
			{ "name": "CPU", "value": "0.0" },
			{ "name": "Cumulative Network", "value": "0.0" },
			{ "name": "Cumulative Disk I/O", "value": "968.36 M" },
			{ "name": "Cumulative CPU", "value": "0.0" }
		],
		"compiler_hints": [
			{ "name": "Output Size (bytes)", "value": "(none)" },
			{ "name": "Output Cardinality", "value": "(none)" },
			{ "name": "Avg. Output Record Size (bytes)", "value": "(none)" },
			{ "name": "Filter Factor", "value": "(none)" }		]
	},
	{
		"id": 4,
		"type": "pact",
		"pact": "Reduce",
		"contents": "Reduce at main(Q2_Job.java:57)",
		"parallelism": "8",
		"predecessors": [
			{"id": 5, "ship_strategy": "Forward", "exchange_mode": "PIPELINED"}
		],
		"driver_strategy": "Sorted Combine/Reduce",
		"global_properties": [
			{ "name": "Partitioning", "value": "RANDOM_PARTITIONED" },
			{ "name": "Partitioning Order", "value": "(none)" },
			{ "name": "Uniqueness", "value": "not unique" }
		],
		"local_properties": [
			{ "name": "Order", "value": "(none)" },
			{ "name": "Grouping", "value": "not grouped" },
			{ "name": "Uniqueness", "value": "not unique" }
		],
		"estimates": [
			{ "name": "Est. Output Size", "value": "(unknown)" },
			{ "name": "Est. Cardinality", "value": "1.21 M" }		],
		"costs": [
			{ "name": "Network", "value": "0.0" },
			{ "name": "Disk I/O", "value": "0.0" },
			{ "name": "CPU", "value": "0.0" },
			{ "name": "Cumulative Network", "value": "0.0" },
			{ "name": "Cumulative Disk I/O", "value": "968.36 M" },
			{ "name": "Cumulative CPU", "value": "0.0" }
		],
		"compiler_hints": [
			{ "name": "Output Size (bytes)", "value": "(none)" },
			{ "name": "Output Cardinality", "value": "(none)" },
			{ "name": "Avg. Output Record Size (bytes)", "value": "(none)" },
			{ "name": "Filter Factor", "value": "(none)" }		]
	},
	{
		"id": 3,
		"type": "pact",
		"pact": "Reduce",
		"contents": "Reduce at main(Q2_Job.java:57)",
		"parallelism": "8",
		"predecessors": [
			{"id": 4, "ship_strategy": "Hash Partition on [0]", "local_strategy": "Sort on [0:ASC]", "exchange_mode": "PIPELINED"}
		],
		"driver_strategy": "Sorted Reduce",
		"global_properties": [
			{ "name": "Partitioning", "value": "RANDOM_PARTITIONED" },
			{ "name": "Partitioning Order", "value": "(none)" },
			{ "name": "Uniqueness", "value": "not unique" }
		],
		"local_properties": [
			{ "name": "Order", "value": "(none)" },
			{ "name": "Grouping", "value": "not grouped" },
			{ "name": "Uniqueness", "value": "not unique" }
		],
		"estimates": [
			{ "name": "Est. Output Size", "value": "(unknown)" },
			{ "name": "Est. Cardinality", "value": "(unknown)" }		],
		"costs": [
			{ "name": "Network", "value": "(unknown)" },
			{ "name": "Disk I/O", "value": "(unknown)" },
			{ "name": "CPU", "value": "(unknown)" },
			{ "name": "Cumulative Network", "value": "(unknown)" },
			{ "name": "Cumulative Disk I/O", "value": "(unknown)" },
			{ "name": "Cumulative CPU", "value": "(unknown)" }
		],
		"compiler_hints": [
			{ "name": "Output Size (bytes)", "value": "(none)" },
			{ "name": "Output Cardinality", "value": "(none)" },
			{ "name": "Avg. Output Record Size (bytes)", "value": "(none)" },
			{ "name": "Filter Factor", "value": "(none)" }		]
	},
	{
		"id": 2,
		"type": "pact",
		"pact": "Map",
		"contents": "Key Remover",
		"parallelism": "8",
		"predecessors": [
			{"id": 3, "ship_strategy": "Forward", "exchange_mode": "PIPELINED"}
		],
		"driver_strategy": "Map",
		"global_properties": [
			{ "name": "Partitioning", "value": "RANDOM_PARTITIONED" },
			{ "name": "Partitioning Order", "value": "(none)" },
			{ "name": "Uniqueness", "value": "not unique" }
		],
		"local_properties": [
			{ "name": "Order", "value": "(none)" },
			{ "name": "Grouping", "value": "not grouped" },
			{ "name": "Uniqueness", "value": "not unique" }
		],
		"estimates": [
			{ "name": "Est. Output Size", "value": "(unknown)" },
			{ "name": "Est. Cardinality", "value": "(unknown)" }		],
		"costs": [
			{ "name": "Network", "value": "0.0" },
			{ "name": "Disk I/O", "value": "0.0" },
			{ "name": "CPU", "value": "0.0" },
			{ "name": "Cumulative Network", "value": "(unknown)" },
			{ "name": "Cumulative Disk I/O", "value": "(unknown)" },
			{ "name": "Cumulative CPU", "value": "(unknown)" }
		],
		"compiler_hints": [
			{ "name": "Output Size (bytes)", "value": "(none)" },
			{ "name": "Output Cardinality", "value": "(none)" },
			{ "name": "Avg. Output Record Size (bytes)", "value": "(none)" },
			{ "name": "Filter Factor", "value": "(none)" }		]
	},
	{
		"id": 1,
		"type": "pact",
		"pact": "Sort-Partition",
		"contents": "Sort at main(Q2_Job.java:65)",
		"parallelism": "1",
		"predecessors": [
			{"id": 2, "ship_strategy": "Redistribute", "local_strategy": "Sort on [0:ASC]", "exchange_mode": "PIPELINED"}
		],
		"driver_strategy": "No-Op",
		"global_properties": [
			{ "name": "Partitioning", "value": "RANDOM_PARTITIONED" },
			{ "name": "Partitioning Order", "value": "(none)" },
			{ "name": "Uniqueness", "value": "not unique" }
		],
		"local_properties": [
			{ "name": "Order", "value": "[0:ASC]" },
			{ "name": "Grouped on", "value": "[0]" },
			{ "name": "Uniqueness", "value": "not unique" }
		],
		"estimates": [
			{ "name": "Est. Output Size", "value": "(unknown)" },
			{ "name": "Est. Cardinality", "value": "(unknown)" }		],
		"costs": [
			{ "name": "Network", "value": "(unknown)" },
			{ "name": "Disk I/O", "value": "(unknown)" },
			{ "name": "CPU", "value": "(unknown)" },
			{ "name": "Cumulative Network", "value": "(unknown)" },
			{ "name": "Cumulative Disk I/O", "value": "(unknown)" },
			{ "name": "Cumulative CPU", "value": "(unknown)" }
		],
		"compiler_hints": [
			{ "name": "Output Size (bytes)", "value": "(none)" },
			{ "name": "Output Cardinality", "value": "(none)" },
			{ "name": "Avg. Output Record Size (bytes)", "value": "(none)" },
			{ "name": "Filter Factor", "value": "(none)" }		]
	},
	{
		"id": 0,
		"type": "sink",
		"pact": "Data Sink",
		"contents": "org.apache.flink.api.java.io.DiscardingOutputFormat@48c76607",
		"parallelism": "1",
		"predecessors": [
			{"id": 1, "ship_strategy": "Forward", "exchange_mode": "PIPELINED"}
		],
		"global_properties": [
			{ "name": "Partitioning", "value": "RANDOM_PARTITIONED" },
			{ "name": "Partitioning Order", "value": "(none)" },
			{ "name": "Uniqueness", "value": "not unique" }
		],
		"local_properties": [
			{ "name": "Order", "value": "[0:ASC]" },
			{ "name": "Grouped on", "value": "[0]" },
			{ "name": "Uniqueness", "value": "not unique" }
		],
		"estimates": [
			{ "name": "Est. Output Size", "value": "(unknown)" },
			{ "name": "Est. Cardinality", "value": "(unknown)" }		],
		"costs": [
			{ "name": "Network", "value": "0.0" },
			{ "name": "Disk I/O", "value": "0.0" },
			{ "name": "CPU", "value": "0.0" },
			{ "name": "Cumulative Network", "value": "(unknown)" },
			{ "name": "Cumulative Disk I/O", "value": "(unknown)" },
			{ "name": "Cumulative CPU", "value": "(unknown)" }
		],
		"compiler_hints": [
			{ "name": "Output Size (bytes)", "value": "(none)" },
			{ "name": "Output Cardinality", "value": "(none)" },
			{ "name": "Avg. Output Record Size (bytes)", "value": "(none)" },
			{ "name": "Filter Factor", "value": "(none)" }		]
	}
	]
}

}