{
	"netRunTime": 44856,
	"executionPlan": {
	"nodes": [

	{
		"id": 10,
		"type": "source",
		"pact": "Data Source",
		"contents": "at main(Q7_Job.java:40) (org.apache.flink.api.java.io.TupleCsvInputFormat)",
		"parallelism": "8",
		"global_properties": [
			{ "name": "Partitioning", "value": "RANDOM_PARTITIONED" },
			{ "name": "Partitioning Order", "value": "(none)" },
			{ "name": "Uniqueness", "value": "not unique" }
		],
		"local_properties": [
			{ "name": "Order", "value": "(none)" },
			{ "name": "Grouping", "value": "not grouped" },
			{ "name": "Uniqueness", "value": "not unique" }
		],
		"estimates": [
			{ "name": "Est. Output Size", "value": "1.62 G" },
			{ "name": "Est. Cardinality", "value": "36.92 M" }		],
		"costs": [
			{ "name": "Network", "value": "0.0" },
			{ "name": "Disk I/O", "value": "1.62 G" },
			{ "name": "CPU", "value": "0.0" },
			{ "name": "Cumulative Network", "value": "0.0" },
			{ "name": "Cumulative Disk I/O", "value": "1.62 G" },
			{ "name": "Cumulative CPU", "value": "0.0" }
		],
		"compiler_hints": [
			{ "name": "Output Size (bytes)", "value": "(none)" },
			{ "name": "Output Cardinality", "value": "(none)" },
			{ "name": "Avg. Output Record Size (bytes)", "value": "(none)" },
			{ "name": "Filter Factor", "value": "(none)" }		]
	},
	{
		"id": 9,
		"type": "pact",
		"pact": "Filter",
		"contents": "Filter at main(Q7_Job.java:79)",
		"parallelism": "8",
		"predecessors": [
			{"id": 10, "ship_strategy": "Forward", "exchange_mode": "PIPELINED"}
		],
		"driver_strategy": "FlatMap",
		"global_properties": [
			{ "name": "Partitioning", "value": "RANDOM_PARTITIONED" },
			{ "name": "Partitioning Order", "value": "(none)" },
			{ "name": "Uniqueness", "value": "not unique" }
		],
		"local_properties": [
			{ "name": "Order", "value": "(none)" },
			{ "name": "Grouping", "value": "not grouped" },
			{ "name": "Uniqueness", "value": "not unique" }
		],
		"estimates": [
			{ "name": "Est. Output Size", "value": "810.46 M" },
			{ "name": "Est. Cardinality", "value": "18.46 M" }		],
		"costs": [
			{ "name": "Network", "value": "0.0" },
			{ "name": "Disk I/O", "value": "0.0" },
			{ "name": "CPU", "value": "0.0" },
			{ "name": "Cumulative Network", "value": "0.0" },
			{ "name": "Cumulative Disk I/O", "value": "1.62 G" },
			{ "name": "Cumulative CPU", "value": "0.0" }
		],
		"compiler_hints": [
			{ "name": "Output Size (bytes)", "value": "(none)" },
			{ "name": "Output Cardinality", "value": "(none)" },
			{ "name": "Avg. Output Record Size (bytes)", "value": "(none)" },
			{ "name": "Filter Factor", "value": "(none)" }		]
	},
	{
		"id": 8,
		"type": "pact",
		"pact": "Map",
		"contents": "Key Extractor",
		"parallelism": "8",
		"predecessors": [
			{"id": 9, "ship_strategy": "Forward", "exchange_mode": "PIPELINED"}
		],
		"driver_strategy": "Map",
		"global_properties": [
			{ "name": "Partitioning", "value": "RANDOM_PARTITIONED" },
			{ "name": "Partitioning Order", "value": "(none)" },
			{ "name": "Uniqueness", "value": "not unique" }
		],
		"local_properties": [
			{ "name": "Order", "value": "(none)" },
			{ "name": "Grouping", "value": "not grouped" },
			{ "name": "Uniqueness", "value": "not unique" }
		],
		"estimates": [
			{ "name": "Est. Output Size", "value": "(unknown)" },
			{ "name": "Est. Cardinality", "value": "18.46 M" }		],
		"costs": [
			{ "name": "Network", "value": "0.0" },
			{ "name": "Disk I/O", "value": "0.0" },
			{ "name": "CPU", "value": "0.0" },
			{ "name": "Cumulative Network", "value": "0.0" },
			{ "name": "Cumulative Disk I/O", "value": "1.62 G" },
			{ "name": "Cumulative CPU", "value": "0.0" }
		],
		"compiler_hints": [
			{ "name": "Output Size (bytes)", "value": "(none)" },
			{ "name": "Output Cardinality", "value": "(none)" },
			{ "name": "Avg. Output Record Size (bytes)", "value": "(none)" },
			{ "name": "Filter Factor", "value": "(none)" }		]
	},
	{
		"id": 15,
		"type": "source",
		"pact": "Data Source",
		"contents": "at main(Q7_Job.java:48) (org.apache.flink.api.java.io.TupleCsvInputFormat)",
		"parallelism": "8",
		"global_properties": [
			{ "name": "Partitioning", "value": "RANDOM_PARTITIONED" },
			{ "name": "Partitioning Order", "value": "(none)" },
			{ "name": "Uniqueness", "value": "not unique" }
		],
		"local_properties": [
			{ "name": "Order", "value": "(none)" },
			{ "name": "Grouping", "value": "not grouped" },
			{ "name": "Uniqueness", "value": "not unique" }
		],
		"estimates": [
			{ "name": "Est. Output Size", "value": "16.90 M" },
			{ "name": "Est. Cardinality", "value": "949.19 K" }		],
		"costs": [
			{ "name": "Network", "value": "0.0" },
			{ "name": "Disk I/O", "value": "16.90 M" },
			{ "name": "CPU", "value": "0.0" },
			{ "name": "Cumulative Network", "value": "0.0" },
			{ "name": "Cumulative Disk I/O", "value": "16.90 M" },
			{ "name": "Cumulative CPU", "value": "0.0" }
		],
		"compiler_hints": [
			{ "name": "Output Size (bytes)", "value": "(none)" },
			{ "name": "Output Cardinality", "value": "(none)" },
			{ "name": "Avg. Output Record Size (bytes)", "value": "(none)" },
			{ "name": "Filter Factor", "value": "(none)" }		]
	},
	{
		"id": 14,
		"type": "pact",
		"pact": "Filter",
		"contents": "Filter at main(Q7_Job.java:72)",
		"parallelism": "8",
		"predecessors": [
			{"id": 15, "ship_strategy": "Forward", "exchange_mode": "PIPELINED"}
		],
		"driver_strategy": "FlatMap",
		"global_properties": [
			{ "name": "Partitioning", "value": "RANDOM_PARTITIONED" },
			{ "name": "Partitioning Order", "value": "(none)" },
			{ "name": "Uniqueness", "value": "not unique" }
		],
		"local_properties": [
			{ "name": "Order", "value": "(none)" },
			{ "name": "Grouping", "value": "not grouped" },
			{ "name": "Uniqueness", "value": "not unique" }
		],
		"estimates": [
			{ "name": "Est. Output Size", "value": "8.45 M" },
			{ "name": "Est. Cardinality", "value": "474.60 K" }		],
		"costs": [
			{ "name": "Network", "value": "0.0" },
			{ "name": "Disk I/O", "value": "0.0" },
			{ "name": "CPU", "value": "0.0" },
			{ "name": "Cumulative Network", "value": "0.0" },
			{ "name": "Cumulative Disk I/O", "value": "16.90 M" },
			{ "name": "Cumulative CPU", "value": "0.0" }
		],
		"compiler_hints": [
			{ "name": "Output Size (bytes)", "value": "(none)" },
			{ "name": "Output Cardinality", "value": "(none)" },
			{ "name": "Avg. Output Record Size (bytes)", "value": "(none)" },
			{ "name": "Filter Factor", "value": "(none)" }		]
	},
	{
		"id": 13,
		"type": "pact",
		"pact": "Map",
		"contents": "Map at main(Q7_Job.java:74)",
		"parallelism": "8",
		"predecessors": [
			{"id": 14, "ship_strategy": "Forward", "exchange_mode": "PIPELINED"}
		],
		"driver_strategy": "Map",
		"global_properties": [
			{ "name": "Partitioning", "value": "RANDOM_PARTITIONED" },
			{ "name": "Partitioning Order", "value": "(none)" },
			{ "name": "Uniqueness", "value": "not unique" }
		],
		"local_properties": [
			{ "name": "Order", "value": "(none)" },
			{ "name": "Grouping", "value": "not grouped" },
			{ "name": "Uniqueness", "value": "not unique" }
		],
		"estimates": [
			{ "name": "Est. Output Size", "value": "(unknown)" },
			{ "name": "Est. Cardinality", "value": "474.60 K" }		],
		"costs": [
			{ "name": "Network", "value": "0.0" },
			{ "name": "Disk I/O", "value": "0.0" },
			{ "name": "CPU", "value": "0.0" },
			{ "name": "Cumulative Network", "value": "0.0" },
			{ "name": "Cumulative Disk I/O", "value": "16.90 M" },
			{ "name": "Cumulative CPU", "value": "0.0" }
		],
		"compiler_hints": [
			{ "name": "Output Size (bytes)", "value": "(none)" },
			{ "name": "Output Cardinality", "value": "(none)" },
			{ "name": "Avg. Output Record Size (bytes)", "value": "(none)" },
			{ "name": "Filter Factor", "value": "(none)" }		]
	},
	{
		"id": 12,
		"type": "pact",
		"pact": "Filter",
		"contents": "Filter at main(Q7_Job.java:76)",
		"parallelism": "8",
		"predecessors": [
			{"id": 13, "ship_strategy": "Forward", "exchange_mode": "PIPELINED"}
		],
		"driver_strategy": "FlatMap",
		"global_properties": [
			{ "name": "Partitioning", "value": "RANDOM_PARTITIONED" },
			{ "name": "Partitioning Order", "value": "(none)" },
			{ "name": "Uniqueness", "value": "not unique" }
		],
		"local_properties": [
			{ "name": "Order", "value": "(none)" },
			{ "name": "Grouping", "value": "not grouped" },
			{ "name": "Uniqueness", "value": "not unique" }
		],
		"estimates": [
			{ "name": "Est. Output Size", "value": "0.0" },
			{ "name": "Est. Cardinality", "value": "237.30 K" }		],
		"costs": [
			{ "name": "Network", "value": "0.0" },
			{ "name": "Disk I/O", "value": "0.0" },
			{ "name": "CPU", "value": "0.0" },
			{ "name": "Cumulative Network", "value": "0.0" },
			{ "name": "Cumulative Disk I/O", "value": "16.90 M" },
			{ "name": "Cumulative CPU", "value": "0.0" }
		],
		"compiler_hints": [
			{ "name": "Output Size (bytes)", "value": "(none)" },
			{ "name": "Output Cardinality", "value": "(none)" },
			{ "name": "Avg. Output Record Size (bytes)", "value": "(none)" },
			{ "name": "Filter Factor", "value": "(none)" }		]
	},
	{
		"id": 11,
		"type": "pact",
		"pact": "Map",
		"contents": "Key Extractor",
		"parallelism": "8",
		"predecessors": [
			{"id": 12, "ship_strategy": "Forward", "exchange_mode": "PIPELINED"}
		],
		"driver_strategy": "Map",
		"global_properties": [
			{ "name": "Partitioning", "value": "RANDOM_PARTITIONED" },
			{ "name": "Partitioning Order", "value": "(none)" },
			{ "name": "Uniqueness", "value": "not unique" }
		],
		"local_properties": [
			{ "name": "Order", "value": "(none)" },
			{ "name": "Grouping", "value": "not grouped" },
			{ "name": "Uniqueness", "value": "not unique" }
		],
		"estimates": [
			{ "name": "Est. Output Size", "value": "(unknown)" },
			{ "name": "Est. Cardinality", "value": "237.30 K" }		],
		"costs": [
			{ "name": "Network", "value": "0.0" },
			{ "name": "Disk I/O", "value": "0.0" },
			{ "name": "CPU", "value": "0.0" },
			{ "name": "Cumulative Network", "value": "0.0" },
			{ "name": "Cumulative Disk I/O", "value": "16.90 M" },
			{ "name": "Cumulative CPU", "value": "0.0" }
		],
		"compiler_hints": [
			{ "name": "Output Size (bytes)", "value": "(none)" },
			{ "name": "Output Cardinality", "value": "(none)" },
			{ "name": "Avg. Output Record Size (bytes)", "value": "(none)" },
			{ "name": "Filter Factor", "value": "(none)" }		]
	},
	{
		"id": 7,
		"type": "pact",
		"pact": "Join",
		"contents": "Join at projectTupleX(JoinOperator.java:1318)",
		"parallelism": "8",
		"predecessors": [
			{"id": 8, "side": "first", "ship_strategy": "Hash Partition on [0]", "exchange_mode": "PIPELINED"},
			{"id": 11, "side": "second", "ship_strategy": "Hash Partition on [0]", "exchange_mode": "PIPELINED"}
		],
		"driver_strategy": "Hybrid Hash (build: Key Extractor (id: 8))",
		"global_properties": [
			{ "name": "Partitioning", "value": "RANDOM_PARTITIONED" },
			{ "name": "Partitioning Order", "value": "(none)" },
			{ "name": "Uniqueness", "value": "not unique" }
		],
		"local_properties": [
			{ "name": "Order", "value": "(none)" },
			{ "name": "Grouping", "value": "not grouped" },
			{ "name": "Uniqueness", "value": "not unique" }
		],
		"estimates": [
			{ "name": "Est. Output Size", "value": "(unknown)" },
			{ "name": "Est. Cardinality", "value": "18.46 M" }		],
		"costs": [
			{ "name": "Network", "value": "(unknown)" },
			{ "name": "Disk I/O", "value": "(unknown)" },
			{ "name": "CPU", "value": "(unknown)" },
			{ "name": "Cumulative Network", "value": "(unknown)" },
			{ "name": "Cumulative Disk I/O", "value": "(unknown)" },
			{ "name": "Cumulative CPU", "value": "(unknown)" }
		],
		"compiler_hints": [
			{ "name": "Output Size (bytes)", "value": "(none)" },
			{ "name": "Output Cardinality", "value": "(none)" },
			{ "name": "Avg. Output Record Size (bytes)", "value": "(none)" },
			{ "name": "Filter Factor", "value": "(none)" }		]
	},
	{
		"id": 6,
		"type": "pact",
		"pact": "Map",
		"contents": "Map at main(Q7_Job.java:87)",
		"parallelism": "8",
		"predecessors": [
			{"id": 7, "ship_strategy": "Forward", "exchange_mode": "PIPELINED"}
		],
		"driver_strategy": "Map",
		"global_properties": [
			{ "name": "Partitioning", "value": "RANDOM_PARTITIONED" },
			{ "name": "Partitioning Order", "value": "(none)" },
			{ "name": "Uniqueness", "value": "not unique" }
		],
		"local_properties": [
			{ "name": "Order", "value": "(none)" },
			{ "name": "Grouping", "value": "not grouped" },
			{ "name": "Uniqueness", "value": "not unique" }
		],
		"estimates": [
			{ "name": "Est. Output Size", "value": "(unknown)" },
			{ "name": "Est. Cardinality", "value": "18.46 M" }		],
		"costs": [
			{ "name": "Network", "value": "0.0" },
			{ "name": "Disk I/O", "value": "0.0" },
			{ "name": "CPU", "value": "0.0" },
			{ "name": "Cumulative Network", "value": "(unknown)" },
			{ "name": "Cumulative Disk I/O", "value": "(unknown)" },
			{ "name": "Cumulative CPU", "value": "(unknown)" }
		],
		"compiler_hints": [
			{ "name": "Output Size (bytes)", "value": "(none)" },
			{ "name": "Output Cardinality", "value": "(none)" },
			{ "name": "Avg. Output Record Size (bytes)", "value": "(none)" },
			{ "name": "Filter Factor", "value": "(none)" }		]
	},
	{
		"id": 5,
		"type": "pact",
		"pact": "Map",
		"contents": "Key Extractor",
		"parallelism": "8",
		"predecessors": [
			{"id": 6, "ship_strategy": "Forward", "exchange_mode": "PIPELINED"}
		],
		"driver_strategy": "Map",
		"global_properties": [
			{ "name": "Partitioning", "value": "RANDOM_PARTITIONED" },
			{ "name": "Partitioning Order", "value": "(none)" },
			{ "name": "Uniqueness", "value": "not unique" }
		],
		"local_properties": [
			{ "name": "Order", "value": "(none)" },
			{ "name": "Grouping", "value": "not grouped" },
			{ "name": "Uniqueness", "value": "not unique" }
		],
		"estimates": [
			{ "name": "Est. Output Size", "value": "(unknown)" },
			{ "name": "Est. Cardinality", "value": "18.46 M" }		],
		"costs": [
			{ "name": "Network", "value": "0.0" },
			{ "name": "Disk I/O", "value": "0.0" },
			{ "name": "CPU", "value": "0.0" },
			{ "name": "Cumulative Network", "value": "(unknown)" },
			{ "name": "Cumulative Disk I/O", "value": "(unknown)" },
			{ "name": "Cumulative CPU", "value": "(unknown)" }
		],
		"compiler_hints": [
			{ "name": "Output Size (bytes)", "value": "(none)" },
			{ "name": "Output Cardinality", "value": "(none)" },
			{ "name": "Avg. Output Record Size (bytes)", "value": "(none)" },
			{ "name": "Filter Factor", "value": "(none)" }		]
	},
	{
		"id": 20,
		"type": "source",
		"pact": "Data Source",
		"contents": "at main(Q7_Job.java:30) (org.apache.flink.api.java.io.TupleCsvInputFormat)",
		"parallelism": "8",
		"global_properties": [
			{ "name": "Partitioning", "value": "RANDOM_PARTITIONED" },
			{ "name": "Partitioning Order", "value": "(none)" },
			{ "name": "Uniqueness", "value": "not unique" }
		],
		"local_properties": [
			{ "name": "Order", "value": "(none)" },
			{ "name": "Grouping", "value": "not grouped" },
			{ "name": "Uniqueness", "value": "not unique" }
		],
		"estimates": [
			{ "name": "Est. Output Size", "value": "579.74 M" },
			{ "name": "Est. Cardinality", "value": "8.04 M" }		],
		"costs": [
			{ "name": "Network", "value": "0.0" },
			{ "name": "Disk I/O", "value": "579.74 M" },
			{ "name": "CPU", "value": "0.0" },
			{ "name": "Cumulative Network", "value": "0.0" },
			{ "name": "Cumulative Disk I/O", "value": "579.74 M" },
			{ "name": "Cumulative CPU", "value": "0.0" }
		],
		"compiler_hints": [
			{ "name": "Output Size (bytes)", "value": "(none)" },
			{ "name": "Output Cardinality", "value": "(none)" },
			{ "name": "Avg. Output Record Size (bytes)", "value": "(none)" },
			{ "name": "Filter Factor", "value": "(none)" }		]
	},
	{
		"id": 19,
		"type": "pact",
		"pact": "Filter",
		"contents": "Filter at main(Q7_Job.java:66)",
		"parallelism": "8",
		"predecessors": [
			{"id": 20, "ship_strategy": "Forward", "exchange_mode": "PIPELINED"}
		],
		"driver_strategy": "FlatMap",
		"global_properties": [
			{ "name": "Partitioning", "value": "RANDOM_PARTITIONED" },
			{ "name": "Partitioning Order", "value": "(none)" },
			{ "name": "Uniqueness", "value": "not unique" }
		],
		"local_properties": [
			{ "name": "Order", "value": "(none)" },
			{ "name": "Grouping", "value": "not grouped" },
			{ "name": "Uniqueness", "value": "not unique" }
		],
		"estimates": [
			{ "name": "Est. Output Size", "value": "289.87 M" },
			{ "name": "Est. Cardinality", "value": "4.02 M" }		],
		"costs": [
			{ "name": "Network", "value": "0.0" },
			{ "name": "Disk I/O", "value": "0.0" },
			{ "name": "CPU", "value": "0.0" },
			{ "name": "Cumulative Network", "value": "0.0" },
			{ "name": "Cumulative Disk I/O", "value": "579.74 M" },
			{ "name": "Cumulative CPU", "value": "0.0" }
		],
		"compiler_hints": [
			{ "name": "Output Size (bytes)", "value": "(none)" },
			{ "name": "Output Cardinality", "value": "(none)" },
			{ "name": "Avg. Output Record Size (bytes)", "value": "(none)" },
			{ "name": "Filter Factor", "value": "(none)" }		]
	},
	{
		"id": 18,
		"type": "pact",
		"pact": "Map",
		"contents": "Map at main(Q7_Job.java:67)",
		"parallelism": "8",
		"predecessors": [
			{"id": 19, "ship_strategy": "Forward", "exchange_mode": "PIPELINED"}
		],
		"driver_strategy": "Map",
		"global_properties": [
			{ "name": "Partitioning", "value": "RANDOM_PARTITIONED" },
			{ "name": "Partitioning Order", "value": "(none)" },
			{ "name": "Uniqueness", "value": "not unique" }
		],
		"local_properties": [
			{ "name": "Order", "value": "(none)" },
			{ "name": "Grouping", "value": "not grouped" },
			{ "name": "Uniqueness", "value": "not unique" }
		],
		"estimates": [
			{ "name": "Est. Output Size", "value": "(unknown)" },
			{ "name": "Est. Cardinality", "value": "4.02 M" }		],
		"costs": [
			{ "name": "Network", "value": "0.0" },
			{ "name": "Disk I/O", "value": "0.0" },
			{ "name": "CPU", "value": "0.0" },
			{ "name": "Cumulative Network", "value": "0.0" },
			{ "name": "Cumulative Disk I/O", "value": "579.74 M" },
			{ "name": "Cumulative CPU", "value": "0.0" }
		],
		"compiler_hints": [
			{ "name": "Output Size (bytes)", "value": "(none)" },
			{ "name": "Output Cardinality", "value": "(none)" },
			{ "name": "Avg. Output Record Size (bytes)", "value": "(none)" },
			{ "name": "Filter Factor", "value": "(none)" }		]
	},
	{
		"id": 17,
		"type": "pact",
		"pact": "Filter",
		"contents": "Filter at main(Q7_Job.java:68)",
		"parallelism": "8",
		"predecessors": [
			{"id": 18, "ship_strategy": "Forward", "exchange_mode": "PIPELINED"}
		],
		"driver_strategy": "FlatMap",
		"global_properties": [
			{ "name": "Partitioning", "value": "RANDOM_PARTITIONED" },
			{ "name": "Partitioning Order", "value": "(none)" },
			{ "name": "Uniqueness", "value": "not unique" }
		],
		"local_properties": [
			{ "name": "Order", "value": "(none)" },
			{ "name": "Grouping", "value": "not grouped" },
			{ "name": "Uniqueness", "value": "not unique" }
		],
		"estimates": [
			{ "name": "Est. Output Size", "value": "0.0" },
			{ "name": "Est. Cardinality", "value": "2.01 M" }		],
		"costs": [
			{ "name": "Network", "value": "0.0" },
			{ "name": "Disk I/O", "value": "0.0" },
			{ "name": "CPU", "value": "0.0" },
			{ "name": "Cumulative Network", "value": "0.0" },
			{ "name": "Cumulative Disk I/O", "value": "579.74 M" },
			{ "name": "Cumulative CPU", "value": "0.0" }
		],
		"compiler_hints": [
			{ "name": "Output Size (bytes)", "value": "(none)" },
			{ "name": "Output Cardinality", "value": "(none)" },
			{ "name": "Avg. Output Record Size (bytes)", "value": "(none)" },
			{ "name": "Filter Factor", "value": "(none)" }		]
	},
	{
		"id": 16,
		"type": "pact",
		"pact": "Map",
		"contents": "Key Extractor",
		"parallelism": "8",
		"predecessors": [
			{"id": 17, "ship_strategy": "Forward", "exchange_mode": "PIPELINED"}
		],
		"driver_strategy": "Map",
		"global_properties": [
			{ "name": "Partitioning", "value": "RANDOM_PARTITIONED" },
			{ "name": "Partitioning Order", "value": "(none)" },
			{ "name": "Uniqueness", "value": "not unique" }
		],
		"local_properties": [
			{ "name": "Order", "value": "(none)" },
			{ "name": "Grouping", "value": "not grouped" },
			{ "name": "Uniqueness", "value": "not unique" }
		],
		"estimates": [
			{ "name": "Est. Output Size", "value": "(unknown)" },
			{ "name": "Est. Cardinality", "value": "2.01 M" }		],
		"costs": [
			{ "name": "Network", "value": "0.0" },
			{ "name": "Disk I/O", "value": "0.0" },
			{ "name": "CPU", "value": "0.0" },
			{ "name": "Cumulative Network", "value": "0.0" },
			{ "name": "Cumulative Disk I/O", "value": "579.74 M" },
			{ "name": "Cumulative CPU", "value": "0.0" }
		],
		"compiler_hints": [
			{ "name": "Output Size (bytes)", "value": "(none)" },
			{ "name": "Output Cardinality", "value": "(none)" },
			{ "name": "Avg. Output Record Size (bytes)", "value": "(none)" },
			{ "name": "Filter Factor", "value": "(none)" }		]
	},
	{
		"id": 4,
		"type": "pact",
		"pact": "Join",
		"contents": "Join at projectTupleX(JoinOperator.java:1318)",
		"parallelism": "8",
		"predecessors": [
			{"id": 5, "side": "first", "ship_strategy": "Hash Partition on [0]", "exchange_mode": "PIPELINED"},
			{"id": 16, "side": "second", "ship_strategy": "Hash Partition on [0]", "exchange_mode": "PIPELINED"}
		],
		"driver_strategy": "Hybrid Hash (build: Key Extractor (id: 5))",
		"global_properties": [
			{ "name": "Partitioning", "value": "RANDOM_PARTITIONED" },
			{ "name": "Partitioning Order", "value": "(none)" },
			{ "name": "Uniqueness", "value": "not unique" }
		],
		"local_properties": [
			{ "name": "Order", "value": "(none)" },
			{ "name": "Grouping", "value": "not grouped" },
			{ "name": "Uniqueness", "value": "not unique" }
		],
		"estimates": [
			{ "name": "Est. Output Size", "value": "(unknown)" },
			{ "name": "Est. Cardinality", "value": "18.46 M" }		],
		"costs": [
			{ "name": "Network", "value": "(unknown)" },
			{ "name": "Disk I/O", "value": "(unknown)" },
			{ "name": "CPU", "value": "(unknown)" },
			{ "name": "Cumulative Network", "value": "(unknown)" },
			{ "name": "Cumulative Disk I/O", "value": "(unknown)" },
			{ "name": "Cumulative CPU", "value": "(unknown)" }
		],
		"compiler_hints": [
			{ "name": "Output Size (bytes)", "value": "(none)" },
			{ "name": "Output Cardinality", "value": "(none)" },
			{ "name": "Avg. Output Record Size (bytes)", "value": "(none)" },
			{ "name": "Filter Factor", "value": "(none)" }		]
	},
	{
		"id": 3,
		"type": "pact",
		"pact": "Map",
		"contents": "Map at main(Q7_Job.java:95)",
		"parallelism": "8",
		"predecessors": [
			{"id": 4, "ship_strategy": "Forward", "exchange_mode": "PIPELINED"}
		],
		"driver_strategy": "Map",
		"global_properties": [
			{ "name": "Partitioning", "value": "RANDOM_PARTITIONED" },
			{ "name": "Partitioning Order", "value": "(none)" },
			{ "name": "Uniqueness", "value": "not unique" }
		],
		"local_properties": [
			{ "name": "Order", "value": "(none)" },
			{ "name": "Grouping", "value": "not grouped" },
			{ "name": "Uniqueness", "value": "not unique" }
		],
		"estimates": [
			{ "name": "Est. Output Size", "value": "(unknown)" },
			{ "name": "Est. Cardinality", "value": "18.46 M" }		],
		"costs": [
			{ "name": "Network", "value": "0.0" },
			{ "name": "Disk I/O", "value": "0.0" },
			{ "name": "CPU", "value": "0.0" },
			{ "name": "Cumulative Network", "value": "(unknown)" },
			{ "name": "Cumulative Disk I/O", "value": "(unknown)" },
			{ "name": "Cumulative CPU", "value": "(unknown)" }
		],
		"compiler_hints": [
			{ "name": "Output Size (bytes)", "value": "(none)" },
			{ "name": "Output Cardinality", "value": "(none)" },
			{ "name": "Avg. Output Record Size (bytes)", "value": "(none)" },
			{ "name": "Filter Factor", "value": "(none)" }		]
	},
	{
		"id": 2,
		"type": "pact",
		"pact": "Map",
		"contents": "Key Extractor",
		"parallelism": "8",
		"predecessors": [
			{"id": 3, "ship_strategy": "Forward", "exchange_mode": "PIPELINED"}
		],
		"driver_strategy": "Map",
		"global_properties": [
			{ "name": "Partitioning", "value": "RANDOM_PARTITIONED" },
			{ "name": "Partitioning Order", "value": "(none)" },
			{ "name": "Uniqueness", "value": "not unique" }
		],
		"local_properties": [
			{ "name": "Order", "value": "(none)" },
			{ "name": "Grouping", "value": "not grouped" },
			{ "name": "Uniqueness", "value": "not unique" }
		],
		"estimates": [
			{ "name": "Est. Output Size", "value": "(unknown)" },
			{ "name": "Est. Cardinality", "value": "18.46 M" }		],
		"costs": [
			{ "name": "Network", "value": "0.0" },
			{ "name": "Disk I/O", "value": "0.0" },
			{ "name": "CPU", "value": "0.0" },
			{ "name": "Cumulative Network", "value": "(unknown)" },
			{ "name": "Cumulative Disk I/O", "value": "(unknown)" },
			{ "name": "Cumulative CPU", "value": "(unknown)" }
		],
		"compiler_hints": [
			{ "name": "Output Size (bytes)", "value": "(none)" },
			{ "name": "Output Cardinality", "value": "(none)" },
			{ "name": "Avg. Output Record Size (bytes)", "value": "(none)" },
			{ "name": "Filter Factor", "value": "(none)" }		]
	},
	{
		"id": 23,
		"type": "source",
		"pact": "Data Source",
		"contents": "at main(Q7_Job.java:61) (org.apache.flink.api.java.io.TupleCsvInputFormat)",
		"parallelism": "8",
		"global_properties": [
			{ "name": "Partitioning", "value": "RANDOM_PARTITIONED" },
			{ "name": "Partitioning Order", "value": "(none)" },
			{ "name": "Uniqueness", "value": "not unique" }
		],
		"local_properties": [
			{ "name": "Order", "value": "(none)" },
			{ "name": "Grouping", "value": "not grouped" },
			{ "name": "Uniqueness", "value": "not unique" }
		],
		"estimates": [
			{ "name": "Est. Output Size", "value": "968.36 M" },
			{ "name": "Est. Cardinality", "value": "19.41 M" }		],
		"costs": [
			{ "name": "Network", "value": "0.0" },
			{ "name": "Disk I/O", "value": "968.36 M" },
			{ "name": "CPU", "value": "0.0" },
			{ "name": "Cumulative Network", "value": "0.0" },
			{ "name": "Cumulative Disk I/O", "value": "968.36 M" },
			{ "name": "Cumulative CPU", "value": "0.0" }
		],
		"compiler_hints": [
			{ "name": "Output Size (bytes)", "value": "(none)" },
			{ "name": "Output Cardinality", "value": "(none)" },
			{ "name": "Avg. Output Record Size (bytes)", "value": "(none)" },
			{ "name": "Filter Factor", "value": "(none)" }		]
	},
	{
		"id": 22,
		"type": "pact",
		"pact": "Map",
		"contents": "Map at main(Q7_Job.java:97)",
		"parallelism": "8",
		"predecessors": [
			{"id": 23, "ship_strategy": "Forward", "exchange_mode": "PIPELINED"}
		],
		"driver_strategy": "Map",
		"global_properties": [
			{ "name": "Partitioning", "value": "RANDOM_PARTITIONED" },
			{ "name": "Partitioning Order", "value": "(none)" },
			{ "name": "Uniqueness", "value": "not unique" }
		],
		"local_properties": [
			{ "name": "Order", "value": "(none)" },
			{ "name": "Grouping", "value": "not grouped" },
			{ "name": "Uniqueness", "value": "not unique" }
		],
		"estimates": [
			{ "name": "Est. Output Size", "value": "(unknown)" },
			{ "name": "Est. Cardinality", "value": "19.41 M" }		],
		"costs": [
			{ "name": "Network", "value": "0.0" },
			{ "name": "Disk I/O", "value": "0.0" },
			{ "name": "CPU", "value": "0.0" },
			{ "name": "Cumulative Network", "value": "0.0" },
			{ "name": "Cumulative Disk I/O", "value": "968.36 M" },
			{ "name": "Cumulative CPU", "value": "0.0" }
		],
		"compiler_hints": [
			{ "name": "Output Size (bytes)", "value": "(none)" },
			{ "name": "Output Cardinality", "value": "(none)" },
			{ "name": "Avg. Output Record Size (bytes)", "value": "(none)" },
			{ "name": "Filter Factor", "value": "(none)" }		]
	},
	{
		"id": 21,
		"type": "pact",
		"pact": "Map",
		"contents": "Key Extractor",
		"parallelism": "8",
		"predecessors": [
			{"id": 22, "ship_strategy": "Forward", "exchange_mode": "PIPELINED"}
		],
		"driver_strategy": "Map",
		"global_properties": [
			{ "name": "Partitioning", "value": "RANDOM_PARTITIONED" },
			{ "name": "Partitioning Order", "value": "(none)" },
			{ "name": "Uniqueness", "value": "not unique" }
		],
		"local_properties": [
			{ "name": "Order", "value": "(none)" },
			{ "name": "Grouping", "value": "not grouped" },
			{ "name": "Uniqueness", "value": "not unique" }
		],
		"estimates": [
			{ "name": "Est. Output Size", "value": "(unknown)" },
			{ "name": "Est. Cardinality", "value": "19.41 M" }		],
		"costs": [
			{ "name": "Network", "value": "0.0" },
			{ "name": "Disk I/O", "value": "0.0" },
			{ "name": "CPU", "value": "0.0" },
			{ "name": "Cumulative Network", "value": "0.0" },
			{ "name": "Cumulative Disk I/O", "value": "968.36 M" },
			{ "name": "Cumulative CPU", "value": "0.0" }
		],
		"compiler_hints": [
			{ "name": "Output Size (bytes)", "value": "(none)" },
			{ "name": "Output Cardinality", "value": "(none)" },
			{ "name": "Avg. Output Record Size (bytes)", "value": "(none)" },
			{ "name": "Filter Factor", "value": "(none)" }		]
	},
	{
		"id": 1,
		"type": "pact",
		"pact": "Join",
		"contents": "Join at projectTupleX(JoinOperator.java:1316)",
		"parallelism": "8",
		"predecessors": [
			{"id": 2, "side": "first", "ship_strategy": "Hash Partition on [0]", "exchange_mode": "PIPELINED"},
			{"id": 21, "side": "second", "ship_strategy": "Hash Partition on [0]", "exchange_mode": "PIPELINED"}
		],
		"driver_strategy": "Hybrid Hash (build: Key Extractor (id: 2))",
		"global_properties": [
			{ "name": "Partitioning", "value": "RANDOM_PARTITIONED" },
			{ "name": "Partitioning Order", "value": "(none)" },
			{ "name": "Uniqueness", "value": "not unique" }
		],
		"local_properties": [
			{ "name": "Order", "value": "(none)" },
			{ "name": "Grouping", "value": "not grouped" },
			{ "name": "Uniqueness", "value": "not unique" }
		],
		"estimates": [
			{ "name": "Est. Output Size", "value": "(unknown)" },
			{ "name": "Est. Cardinality", "value": "19.41 M" }		],
		"costs": [
			{ "name": "Network", "value": "(unknown)" },
			{ "name": "Disk I/O", "value": "(unknown)" },
			{ "name": "CPU", "value": "(unknown)" },
			{ "name": "Cumulative Network", "value": "(unknown)" },
			{ "name": "Cumulative Disk I/O", "value": "(unknown)" },
			{ "name": "Cumulative CPU", "value": "(unknown)" }
		],
		"compiler_hints": [
			{ "name": "Output Size (bytes)", "value": "(none)" },
			{ "name": "Output Cardinality", "value": "(none)" },
			{ "name": "Avg. Output Record Size (bytes)", "value": "(none)" },
			{ "name": "Filter Factor", "value": "(none)" }		]
	},
	{
		"id": 0,
		"type": "sink",
		"pact": "Data Sink",
		"contents": "org.apache.flink.api.java.io.DiscardingOutputFormat@1410d645",
		"parallelism": "8",
		"predecessors": [
			{"id": 1, "ship_strategy": "Forward", "exchange_mode": "PIPELINED"}
		],
		"global_properties": [
			{ "name": "Partitioning", "value": "RANDOM_PARTITIONED" },
			{ "name": "Partitioning Order", "value": "(none)" },
			{ "name": "Uniqueness", "value": "not unique" }
		],
		"local_properties": [
			{ "name": "Order", "value": "(none)" },
			{ "name": "Grouping", "value": "not grouped" },
			{ "name": "Uniqueness", "value": "not unique" }
		],
		"estimates": [
			{ "name": "Est. Output Size", "value": "(unknown)" },
			{ "name": "Est. Cardinality", "value": "19.41 M" }		],
		"costs": [
			{ "name": "Network", "value": "0.0" },
			{ "name": "Disk I/O", "value": "0.0" },
			{ "name": "CPU", "value": "0.0" },
			{ "name": "Cumulative Network", "value": "(unknown)" },
			{ "name": "Cumulative Disk I/O", "value": "(unknown)" },
			{ "name": "Cumulative CPU", "value": "(unknown)" }
		],
		"compiler_hints": [
			{ "name": "Output Size (bytes)", "value": "(none)" },
			{ "name": "Output Cardinality", "value": "(none)" },
			{ "name": "Avg. Output Record Size (bytes)", "value": "(none)" },
			{ "name": "Filter Factor", "value": "(none)" }		]
	}
	]
}

}